Item Name,Major Ingredients,Ingredient Amounts (per item)
Adrak Wali Chai,"Tea, Milk, Ginger, Spices",Tea: 46 ml; Milk: 151 ml; Ginger: 5 g; Spices: 14 g
Berry Vanilla Croissant Sundae,"Ice Cream, Chocolate Sauce, Brownie/Fruits",Ice Cream: 1 scoops; Chocolate Sauce: 27 g; Brownie/Fruits: 9 g
Butterscotch Crunch Cake,"Flour, Sugar, Butter, Eggs",Flour: 76 g; Sugar: 7 g; Butter: 18 g; Eggs: 1
Cafe Americano Regular,"Espresso, Hot Water",Espresso: 54 ml; Hot Water: 10 g
Cafe Americano Strong,"Espresso, Hot Water",Espresso: 48 ml; Hot Water: 5 g
Cafe Latte King,"Espresso, Steamed Milk",Espresso: 38 ml; Steamed Milk: 128 ml
Cafe Latte Regular,"Espresso, Steamed Milk",Espresso: 51 ml; Steamed Milk: 167 ml
Cafe Mocha,"Espresso, Chocolate Syrup, Steamed Milk",Espresso: 43 ml; Chocolate Syrup: 25 g; Steamed Milk: 108 ml
Cappuccino King,"Espresso, Steamed Milk, Milk Foam",Espresso: 37 ml; Steamed Milk: 115 ml; Milk Foam: 14 g
Cappuccino Regular,"Espresso, Steamed Milk, Milk Foam",Espresso: 57 ml; Steamed Milk: 127 ml; Milk Foam: 8 g
Caramel Affogato,"Espresso, Ice Cream",Espresso: 43 ml; Ice Cream: 2 scoops
Cheese Tomato Croissant Sliders,"Croissant, Butter, Flour",Croissant: 1 piece; Butter: 18 g; Flour: 76 g
Chilli Cheese Toast,"Bread, Cheese, Vegetables",Bread: 1 piece; Cheese: 18 g; Vegetables: 29 g
Choco Nirvana Sundae,"Ice Cream, Chocolate Sauce, Brownie/Fruits",Ice Cream: 2 scoops; Chocolate Sauce: 29 g; Brownie/Fruits: 14 g
Chocolate Croissant,"Croissant, Butter, Flour",Croissant: 1 piece; Butter: 18 g; Flour: 84 g
Classic Affogato,"Espresso, Ice Cream",Espresso: 35 ml; Ice Cream: 1 scoops
Classic Garlic Bread,"Bread, Cheese, Vegetables",Bread: 1 piece; Cheese: 23 g; Vegetables: 50 g
Classic Hot Fudge Sundae,"Ice Cream, Chocolate Sauce, Brownie/Fruits",Ice Cream: 1 scoops; Chocolate Sauce: 29 g; Brownie/Fruits: 5 g
Classic New York Cheesecake,"Flour, Sugar, Butter, Eggs",Flour: 72 g; Sugar: 6 g; Butter: 11 g; Eggs: 1
Coconut Spiced Latte,"Espresso, Steamed Milk",Espresso: 58 ml; Steamed Milk: 108 ml
Croissant,"Croissant, Butter, Flour",Croissant: 1 piece; Butter: 13 g; Flour: 72 g
Death By Chocolate Sundae,"Ice Cream, Chocolate Sauce, Brownie/Fruits",Ice Cream: 2 scoops; Chocolate Sauce: 26 g; Brownie/Fruits: 11 g
Dutch Truffle Cake,"Flour, Sugar, Butter, Eggs",Flour: 69 g; Sugar: 9 g; Butter: 20 g; Eggs: 1
Elaichi Chai,"Tea, Milk, Ginger, Spices",Tea: 40 ml; Milk: 139 ml; Ginger: 11 g; Spices: 39 g
Espresso,Espresso Shot,Espresso Shot: 13 g
Espresso Doppio,Espresso Shot,Espresso Shot: 5 g
Filter Coffee,"Coffee, Water, Milk",Coffee: 31 ml; Water: 6 g; Milk: 138 ml
Flat White,"Milk, Sugar, Flavoring",Milk: 120 ml; Sugar: 10 g; Flavoring: 36 g
Frappe Lite,"Coffee, Ice, Milk, Flavor",Coffee: 58 ml; Ice: 1 scoops; Milk: 178 ml; Flavor: 46 g
Gooey Fudgy Brownie Sundae,"Ice Cream, Chocolate Sauce, Brownie/Fruits",Ice Cream: 2 scoops; Chocolate Sauce: 11 g; Brownie/Fruits: 18 g
Hazelnut Affogato,"Espresso, Ice Cream",Espresso: 59 ml; Ice Cream: 1 scoops
Hazelnut Brownie,"Chocolate, Butter, Sugar, Flour",Chocolate: 17 g; Butter: 13 g; Sugar: 6 g; Flour: 81 g
Hazelnut Cappuccino,"Espresso, Steamed Milk, Milk Foam",Espresso: 41 ml; Steamed Milk: 152 ml; Milk Foam: 16 g
Hazelnut Latte,"Espresso, Steamed Milk",Espresso: 42 ml; Steamed Milk: 118 ml
Honey Cinnamon Coffee,"Coffee, Water, Milk",Coffee: 37 ml; Water: 12 g; Milk: 140 ml
Irish Affogato,"Espresso, Ice Cream",Espresso: 46 ml; Ice Cream: 2 scoops
Irish Cappuccino,"Espresso, Steamed Milk, Milk Foam",Espresso: 34 ml; Steamed Milk: 100 ml; Milk Foam: 5 g
Irish Coffee,"Coffee, Water, Milk",Coffee: 35 ml; Water: 15 g; Milk: 114 ml
Irish Latte,"Espresso, Steamed Milk",Espresso: 32 ml; Steamed Milk: 159 ml
Nutty Chocolate Croissant Sundae,"Ice Cream, Chocolate Sauce, Brownie/Fruits",Ice Cream: 2 scoops; Chocolate Sauce: 17 g; Brownie/Fruits: 10 g
Paneer N Mozzarella Toastizza,"Bread, Cheese, Vegetables",Bread: 1 piece; Cheese: 18 g; Vegetables: 45 g
Paneer Tikka Double Decker Sandwich,"Bread, Cheese, Vegetables/Meat",Bread: 1 piece; Cheese: 11 g; Vegetables/Meat: 10 g
Paneer Tikka Sandwich,"Bread, Cheese, Vegetables/Meat",Bread: 1 piece; Cheese: 10 g; Vegetables/Meat: 6 g
Peanut Butter Banana Frappe,"Coffee, Ice, Milk, Flavor",Coffee: 43 ml; Ice: 2 scoops; Milk: 113 ml; Flavor: 42 g
Peri Peri Garlic Bread,"Bread, Cheese, Vegetables",Bread: 1 piece; Cheese: 28 g; Vegetables: 44 g
Plant Milk Frappe-Coconut,"Coffee, Ice, Milk, Flavor",Coffee: 31 ml; Ice: 2 scoops; Milk: 107 ml; Flavor: 15 g
Plant Milk Frappe-Oat,"Coffee, Ice, Milk, Flavor",Coffee: 57 ml; Ice: 1 scoops; Milk: 181 ml; Flavor: 12 g
Red Velvet Cake,"Flour, Sugar, Butter, Eggs",Flour: 93 g; Sugar: 10 g; Butter: 16 g; Eggs: 1
Salted Caramel Cappuccino,"Espresso, Steamed Milk, Milk Foam",Espresso: 56 ml; Steamed Milk: 142 ml; Milk Foam: 10 g
Signature Choco Fantasy,"Milk, Sugar, Flavoring",Milk: 172 ml; Sugar: 7 g; Flavoring: 44 g
Sizzle My Brownie Sundae,"Ice Cream, Chocolate Sauce, Brownie/Fruits",Ice Cream: 1 scoops; Chocolate Sauce: 30 g; Brownie/Fruits: 16 g
Smoked Chicken Double Decker Sandwich,"Bread, Cheese, Vegetables/Meat",Bread: 1 piece; Cheese: 29 g; Vegetables/Meat: 7 g
Smoked Chicken N Mozzarella Toastizza,"Bread, Cheese, Vegetables",Bread: 1 piece; Cheese: 11 g; Vegetables: 37 g
Smoked Chicken Sandwich,"Bread, Cheese, Vegetables/Meat",Bread: 1 piece; Cheese: 28 g; Vegetables/Meat: 7 g
Soya Cappuccino King,"Espresso, Steamed Milk, Milk Foam",Espresso: 36 ml; Steamed Milk: 183 ml; Milk Foam: 15 g
Spicy Mango Slush,"Fruit Puree, Ice, Sugar",Fruit Puree: 23 g; Ice: 2 scoops; Sugar: 7 g
Spinach Corn N Cheese Sandwich,"Bread, Cheese, Vegetables/Meat",Bread: 1 piece; Cheese: 14 g; Vegetables/Meat: 16 g
Tandoori Chicken Double Decker Sandwich,"Bread, Cheese, Vegetables/Meat",Bread: 1 piece; Cheese: 18 g; Vegetables/Meat: 5 g
Tiramisu Affogato,"Espresso, Ice Cream",Espresso: 40 ml; Ice Cream: 2 scoops
Vanilla Cappuccino Regular,"Espresso, Steamed Milk, Milk Foam",Espresso: 54 ml; Steamed Milk: 199 ml; Milk Foam: 5 g
Vanilla Latte Regular,"Espresso, Steamed Milk",Espresso: 57 ml; Steamed Milk: 158 ml
Vietnamese Iced Coffee,"Coffee, Water, Milk",Coffee: 47 ml; Water: 19 g; Milk: 153 ml
White Mocha,"Espresso, Chocolate Syrup, Steamed Milk",Espresso: 32 ml; Chocolate Syrup: 20 g; Steamed Milk: 176 ml
